pid,name,cpu
1,/sbin/launchd,0.0
543,/usr/libexec/log,0.0
545,/usr/libexec/Use,0.0
547,/System/Library/,0.0
548,/System/Library/,0.0
551,/usr/sbin/system,0.0
555,/usr/libexec/con,0.0
557,/System/Library/,0.0
558,/usr/libexec/IOM,0.0
562,/usr/libexec/rem,0.0
566,/System/Library/,0.0
568,/usr/libexec/wat,0.0
572,/System/Library/,0.0
574,/usr/libexec/ker,0.0
575,/usr/libexec/dis,0.0
579,/usr/sbin/syslog,0.0
581,/usr/libexec/the,0.0
582,/System/Library/,0.1
583,/usr/libexec/xpr,0.1
584,/usr/libexec/ope,0.0
586,/System/Library/,0.0
587,/System/Library/,0.0
588,/usr/libexec/tim,0.0
589,/System/Library/,0.0
590,/usr/sbin/securi,0.0
592,/usr/libexec/loc,0.0
595,autofsd,0.0
596,/usr/libexec/das,0.6
597,/usr/libexec/cor,0.0
599,/usr/sbin/distno,0.0
603,/System/Library/,0.0
604,/System/Library/,0.0
605,/usr/sbin/Kernel,0.0
609,/usr/sbin/blueto,0.0
610,/usr/sbin/notify,0.0
612,/usr/libexec/cor,0.0
613,/usr/libexec/Air,0.0
614,/System/Library/,0.0
618,/usr/sbin/cfpref,0.0
619,/System/Library/,0.0
621,/System/Library/,2.8
624,/usr/libexec/run,0.0
625,/usr/libexec/tru,0.0
626,/System/Library/,0.0
627,/System/Library/,0.0
628,/usr/sbin/coreau,0.0
629,/usr/libexec/lsd,0.0
633,/usr/libexec/apf,0.0
634,/usr/libexec/nsu,0.0
648,/usr/libexec/eli,0.0
652,/usr/sbin/distno,0.0
655,/usr/sbin/mDNSRe,0.0
657,/usr/libexec/sys,0.0
659,/usr/libexec/air,0.0
660,/usr/sbin/distno,0.0
661,/usr/libexec/sym,0.0
665,/System/Library/,0.0
666,/usr/sbin/distno,0.0
668,/System/Library/,0.0
681,/usr/sbin/mDNSRe,0.0
682,/usr/libexec/App,0.0
689,Core,Audio
692,/usr/libexec/aud,0.1
693,/usr/libexec/aud,0.0
695,/System/Library/,0.1
696,/usr/sbin/Wirele,0.0
697,/System/Library/,0.0
699,/System/Library/,0.0
700,Core,Audio
703,/System/Library/,0.0
705,/usr/sbin/distno,0.0
714,/usr/libexec/com,0.0
715,/usr/sbin/appleh,0.0
719,/usr/sbin/distno,0.0
721,/System/Library/,0.0
726,/usr/sbin/distno,0.0
732,/usr/sbin/BTLESe,0.0
734,/usr/libexec/sea,0.0
750,/usr/libexec/wif,0.0
755,/usr/sbin/distno,0.0
766,/usr/sbin/system,0.0
793,/usr/libexec/cam,0.0
796,/System/Library/,0.0
828,/usr/sbin/distno,0.0
829,/System/Library/,0.0
846,/System/Library/,0.0
856,/usr/sbin/distno,0.0
900,/System/Library/,0.0
901,/usr/sbin/distno,0.0
913,/usr/libexec/ros,0.0
919,/usr/sbin/distno,0.0
936,/usr/sbin/cfpref,0.0
951,/usr/libexec/lsd,0.0
954,/usr/libexec/tru,0.0
961,/usr/libexec/sec,0.0
963,/usr/libexec/Use,0.0
968,/System/Library/,0.0
969,/System/Library/,0.0
971,/usr/sbin/univer,0.0
973,/usr/libexec/pbo,0.0
974,/System/Library/,0.0
975,/usr/libexec/con,0.0
980,/usr/libexec/rap,0.0
981,/usr/libexec/rou,0.0
987,/System/Library/,0.0
988,/usr/libexec/nsu,0.0
989,/usr/sbin/userno,0.0
991,/System/Library/,0.0
993,/System/Library/,0.0
994,/System/Library/,0.0
995,/System/Library/,0.0
996,/System/Library/,0.0
998,/System/Library/,0.0
1002,/System/Library/,0.0
1003,/usr/libexec/sha,0.0
1007,/System/Library/,0.0
1014,/usr/libexec/kno,0.0
1017,/System/Library/,0.0
1020,/System/Library/,0.0
1027,/System/Library/,0.0
1043,/System/Library/,0.0
1045,/System/Library/,0.0
1050,/System/Library/,0.0
1051,/usr/sbin/fileco,0.0
1065,/System/Library/,0.0
1066,/usr/libexec/Con,0.0
1068,/System/Library/,0.0
1070,/usr/libexec/nea,0.0
1080,/System/Library/,0.0
1084,/System/Library/,0.0
1099,/System/Library/,0.0
1100,/usr/sbin/distno,0.0
1109,/usr/sbin/distno,0.0
1119,/usr/libexec/mod,0.0
1122,/System/Library/,0.0
1123,/usr/sbin/distno,0.0
1130,/usr/sbin/distno,0.0
1144,/System/Library/,0.0
1157,/usr/sbin/distno,0.0
1199,/usr/sbin/distno,0.0
1202,/System/Library/,0.0
1203,/System/Library/,0.0
1205,/System/Library/,0.0
1207,/System/Library/,0.0
1217,/System/Library/,0.0
1223,/System/Library/,0.0
1248,/System/Library/,0.0
1352,/usr/libexec/due,0.0
1358,/System/Library/,0.0
1372,/System/Library/,0.0
1376,/usr/libexec/mil,0.0
1394,/System/Applicat,0.0
1395,/System/Applicat,0.0
1396,/System/Applicat,0.0
1397,/System/Applicat,0.0
1398,/System/Applicat,0.0
1402,/System/Volumes/,0.0
1403,/System/Applicat,0.0
1405,/System/Library/,0.0
1406,/System/Applicat,0.0
1408,/System/Applicat,0.0
1410,/System/Applicat,0.0
1412,/System/Applicat,0.0
1413,/System/Applicat,0.0
1416,/System/Library/,0.0
1417,/usr/libexec/avc,0.0
1418,/System/Applicat,0.0
1419,/System/Applicat,0.0
1420,/System/Library/,0.0
1423,/System/Library/,0.0
1424,/System/Library/,0.0
1429,/System/Applicat,0.0
1436,/System/Applicat,0.0
1439,/System/Library/,0.0
1441,/System/Applicat,0.0
1447,/Applications/Gh,0.7
1448,/System/Library/,0.0
1449,/System/Library/,0.0
1450,/System/Library/,0.0
1451,/System/Library/,0.7
1454,/System/Applicat,0.0
1455,/System/Library/,0.0
1456,/usr/libexec/gam,0.0
1459,automountd,0.0
1461,/System/Library/,0.0
1469,/System/Library/,0.0
1474,/System/Library/,0.0
1476,/System/Library/,0.0
1480,/System/Library/,0.0
1484,/System/Library/,0.0
1485,/System/Library/,0.0
1488,/System/Library/,0.0
1496,/System/Library/,0.0
1507,/System/Library/,0.0
1510,/System/Applicat,0.0
1513,/System/Applicat,0.0
1521,/System/Library/,0.0
1526,/usr/sbin/distno,0.0
1548,/System/Library/,0.0
1561,/System/Library/,0.0
1566,/System/Library/,0.0
1572,/System/Library/,0.0
1576,/System/Library/,0.0
1577,/System/Library/,0.0
1586,/System/Library/,0.0
1600,/System/Library/,0.0
1609,/System/Library/,0.0
1610,/Applications/wp,0.0
1621,/System/Library/,0.0
1662,/System/Library/,0.0
1663,/System/Library/,0.0
1664,/System/Library/,0.0
1665,/System/Library/,0.0
1666,/System/Library/,0.0
1667,/System/Library/,0.0
1668,/System/Library/,0.0
1677,/usr/sbin/distno,0.0
1688,/System/Library/,0.0
1715,/System/Library/,0.0
1721,/System/Library/,0.0
1771,/System/Library/,0.0
1798,/System/Applicat,0.0
1940,/System/Library/,0.0
2417,/System/Library/,0.0
2824,/usr/sbin/distno,0.0
2936,/System/Library/,0.0
3464,/System/Library/,0.0
3608,/System/Library/,0.0
3622,/System/Library/,0.0
3701,/System/Library/,0.0
3770,/Applications/Go,0.0
3784,/Applications/Go,0.0
3839,/Applications/Go,0.0
3877,/System/Library/,0.0
3902,/System/Library/,0.0
4320,/Applications/Vi,0.0
4334,/Applications/Vi,0.0
4335,/Applications/Vi,0.1
4336,/Applications/Vi,0.0
4343,/Applications/Vi,0.0
4356,/Applications/Vi,0.0
6796,/Applications/Ob,0.0
6798,/Applications/Ob,0.0
6799,/Applications/Ob,0.0
6808,/System/Library/,0.0
7941,/System/Library/,0.0
8078,/System/Library/,0.0
8339,/System/Library/,0.0
13039,/System/Library/,0.0
21574,/System/Library/,0.0
22066,/Applications/Go,0.0
23087,/System/Library/,0.0
23129,/System/Library/,0.0
23132,/System/Library/,0.0
23156,/System/Library/,0.0
23201,/usr/libexec/sea,0.0
23242,/System/Library/,0.0
23405,/System/Library/,0.0
24109,/usr/libexec/tip,0.0
24481,/Applications/Go,0.0
24808,/usr/libexec/wif,0.0
25734,/Applications/Vi,0.0
29687,/usr/sbin/netbio,0.0
29953,/System/Library/,0.0
45105,/Applications/Vi,0.0
45106,/Applications/Vi,0.0
45114,/Applications/Vi,0.0
45128,/Applications/Vi,0.0
45333,/Users/ajinkyadh,0.0
45334,/Users/ajinkyadh,0.0
51377,/Applications/Vi,0.0
54953,/usr/libexec/Per,0.0
57132,/System/Library/,0.0
58037,/usr/libexec/Pow,0.0
58099,/usr/libexec/cor,0.0
58237,/System/Library/,0.0
58238,/System/Library/,0.0
58479,/usr/sbin/BTLESe,0.0
58782,/System/Library/,0.0
58983,/usr/libexec/pro,0.0
58984,/System/Library/,0.0
59008,/usr/libexec/ane,0.0
59012,/usr/libexec/mob,0.0
59017,/System/Library/,0.0
59019,/usr/libexec/use,0.0
59020,/System/Library/,0.0
60203,/System/Library/,0.0
60280,/usr/libexec/fil,0.0
63398,/System/Library/,0.0
63399,/usr/libexec/lin,0.0
63401,/usr/libexec/onl,0.0
63404,/usr/libexec/wif,0.0
63407,/usr/libexec/sys,0.0
63408,/System/Library/,0.0
63409,/System/Library/,0.0
63415,/System/Library/,0.0
63417,/System/Library/,0.0
63418,/usr/libexec/sec,0.0
63427,/System/Library/,0.0
63428,/System/Library/,0.0
63429,/usr/libexec/sto,0.0
63430,/System/Library/,0.0
63433,/usr/libexec/pkd,0.0
63441,/System/Library/,0.0
63451,/System/Library/,0.0
63460,/System/Library/,0.0
63461,/System/Library/,0.0
63462,/usr/libexec/swc,0.0
63463,/usr/libexec/neh,0.0
63464,/usr/libexec/nea,0.0
63467,/System/Library/,0.0
63470,/System/Library/,0.0
63473,/System/Library/,0.0
63485,/System/Library/,0.0
63486,/System/Library/,0.0
63490,/System/Library/,0.0
63491,/System/Library/,0.0
63492,/System/Library/,0.0
63529,/System/Library/,0.0
63536,/usr/libexec/pow,0.0
63537,/usr/libexec/sep,0.0
63539,/System/Library/,0.0
63546,/System/Library/,0.0
63553,/System/Library/,0.0
63554,/System/Library/,0.0
63558,/System/Library/,0.0
63561,/usr/libexec/sec,0.0
63563,/usr/libexec/fin,0.0
63618,/usr/libexec/log,0.0
63741,/usr/libexec/mob,0.0
63742,/usr/libexec/smd,0.0
64021,/Applications/Ob,0.0
64026,/System/Library/,0.0
64028,/usr/libexec/net,0.0
64031,/System/Library/,0.0
64032,/System/Library/,0.0
64033,/usr/libexec/rtc,0.0
64042,/System/Library/,0.0
64043,/System/Cryptexe,0.0
64044,/usr/libexec/key,0.0
64144,/usr/libexec/key,0.0
64274,/System/Library/,0.0
64368,/usr/libexec/ass,0.0
64370,/System/Library/,0.0
64371,/System/Library/,0.0
64372,/usr/libexec/fee,0.0
64373,/usr/libexec/osp,0.0
64374,/usr/libexec/rep,0.0
64379,/System/Library/,0.0
64382,/System/Library/,0.0
64390,/usr/libexec/mlh,0.0
64395,/System/Library/,0.0
64396,/System/Library/,0.0
64397,/System/Library/,0.0
64398,/usr/libexec/san,0.0
64399,/System/Library/,0.0
64406,/usr/libexec/aud,0.0
64408,/System/Library/,0.0
64413,/System/Library/,0.0
64414,/usr/libexec/ane,0.0
64415,/System/Library/,0.0
64416,/System/Library/,0.0
64419,/usr/libexec/tri,0.0
64420,/System/Library/,0.0
64422,/System/Library/,0.0
64424,/System/Library/,0.0
64425,/System/Library/,0.0
64426,/System/Library/,0.0
64427,/usr/libexec/bio,0.0
64428,/usr/libexec/sir,0.0
64429,/System/Library/,0.0
64431,/System/Library/,0.0
64432,/System/Library/,0.0
64433,/usr/libexec/ass,0.0
64434,/System/Library/,0.0
64554,/usr/libexec/tri,0.0
64555,/usr/libexec/key,0.0
64594,/usr/libexec/amf,0.0
64763,/usr/libexec/inp,0.0
64996,/System/Library/,0.0
64997,/System/Library/,0.0
64998,/System/Library/,0.0
65003,/System/Library/,0.0
65009,/System/Library/,0.0
65011,/System/Library/,0.0
65012,/System/Library/,0.0
65014,/usr/libexec/uar,0.0
65015,/System/Library/,0.0
65016,/System/Library/,0.0
65018,/usr/libexec/Ass,0.0
65019,/System/Library/,0.0
65020,/System/Library/,0.0
65021,/System/Library/,0.0
65022,/System/Library/,0.0
65023,/System/Library/,0.0
65030,/System/Library/,0.0
65031,/System/Library/,0.0
65056,/System/Library/,0.0
65057,/usr/libexec/app,0.0
65082,/usr/libexec/cou,0.0
65103,/System/Library/,0.0
65104,/System/Library/,0.0
65132,/usr/libexec/tra,0.0
65133,/System/Library/,0.0
65152,/usr/libexec/gam,0.0
65153,/usr/libexec/gam,0.0
65169,/Applications/Go,0.4
65174,/Applications/Go,0.0
65175,/usr/libexec/dmd,0.0
65179,/Applications/Go,0.5
65180,/Applications/Go,0.0
65181,/Applications/Go,0.0
65184,/usr/libexec/MTL,0.0
65185,/System/Library/,0.0
65186,/System/Library/,0.0
65187,/System/Library/,0.0
65188,/System/Cryptexe,0.0
65189,/Applications/Go,0.0
65195,/Applications/Go,0.0
65196,/System/Library/,0.0
65197,/usr/libexec/nes,0.0
65198,/System/Library/,0.0
65200,/Applications/Go,0.0
65201,/Applications/Go,0.0
65202,/Applications/Go,0.0
65203,/usr/libexec/con,0.0
65204,/System/Library/,0.0
65205,/Applications/Go,1.3
65207,/System/Library/,0.0
65208,/System/Library/,0.0
65209,/usr/libexec/con,0.0
65218,/usr/libexec/bet,0.0
65219,/usr/libexec/bet,0.0
65223,/System/Library/,0.0
65244,/System/Library/,0.0
65251,/System/Library/,0.0
65252,/System/Library/,0.0
65253,/System/Library/,0.0
65274,/usr/libexec/nat,0.0
65278,/System/Library/,0.0
65279,/System/Library/,0.0
65281,/System/Library/,0.0
65330,/System/Library/,0.0
65331,/System/Library/,0.0
65332,/System/Library/,0.0
65333,/System/Library/,0.0
65335,/System/Library/,0.0
65336,/System/Library/,0.0
65337,/System/Library/,0.0
65338,/usr/libexec/pro,0.0
65339,/usr/libexec/fai,0.0
65340,/System/Library/,0.0
65341,/usr/libexec/wal,0.0
65342,/System/Library/,0.0
65344,/System/Library/,0.0
65345,/System/Library/,0.0
65346,/System/Library/,0.0
65347,/usr/libexec/fin,0.0
65349,/usr/libexec/pow,0.0
65350,/usr/libexec/col,0.0
65351,/System/Library/,0.0
65352,/usr/libexec/col,0.0
65353,/System/Library/,0.0
65361,/usr/libexec/sym,0.0
65362,/usr/libexec/dpr,0.0
65363,/usr/sbin/cfpref,0.0
65364,/usr/sbin/cfpref,0.0
65365,/usr/sbin/cfpref,0.0
65366,/usr/libexec/rem,0.0
65368,/usr/sbin/cfpref,0.0
65369,/usr/sbin/cfpref,0.0
65371,/usr/libexec/cip,0.0
65372,/usr/sbin/cfpref,0.0
65373,/System/Library/,0.0
65374,/System/Library/,0.0
65378,/usr/sbin/cfpref,0.0
65379,/usr/sbin/cfpref,0.0
65381,/usr/sbin/cfpref,0.0
65384,/usr/sbin/cfpref,0.0
65386,/usr/sbin/cfpref,0.0
65387,/usr/sbin/cfpref,0.0
65390,/usr/sbin/cfpref,0.0
65391,/System/Library/,0.0
65392,/System/Library/,0.0
65403,/System/Cryptexe,0.0
65408,/System/Library/,0.0
65409,/System/Library/,0.0
65412,/System/Library/,0.0
65414,/System/Library/,0.0
65415,/usr/libexec/hid,0.0
65417,/System/Library/,0.0
65418,/System/Library/,0.0
65419,/System/Library/,0.0
65420,/System/Library/,0.0
65425,/System/Library/,0.0
65428,/usr/libexec/dir,0.0
65479,/Library/Apple/S,0.0
65480,/Library/Apple/S,0.0
65481,/Library/Apple/S,0.0
65482,/Library/Apple/S,0.0
65489,/System/Library/,0.0
65490,/System/Library/,0.0
65492,/usr/libexec/adp,0.0
65501,/System/Library/,0.0
65503,/System/Library/,0.0
65508,/System/Library/,0.0
65509,/System/Library/,0.0
65513,/System/Applicat,0.0
65514,/usr/libexec/ses,0.0
65515,/usr/libexec/swt,0.0
65517,/System/Library/,0.0
65518,/System/Library/,0.0
65520,/System/Library/,0.0
65521,/System/Library/,0.0
65526,cloudphotod,0.0
65545,/Applications/Go,0.0
65546,/Applications/Go,0.0
65548,/System/Library/,0.0
65549,/System/Library/,0.0
65550,/System/Library/,0.0
65551,/System/Library/,0.0
65552,/System/Library/,0.0
65553,/System/Library/,0.0
65554,/usr/libexec/ptp,0.0
65563,/Applications/Go,0.0
65564,/System/Library/,0.0
65568,/System/Library/,0.0
65569,/Applications/Go,0.0
65583,/usr/libexec/mma,0.0
65587,/usr/libexec/tru,0.0
65588,/usr/libexec/tru,0.0
65593,/System/Library/,0.0
65663,/System/Library/,0.0
65664,/System/iOSSuppo,0.0
65666,/System/Cryptexe,0.0
65667,/usr/libexec/nfc,0.0
65668,/System/Library/,0.0
65681,/usr/libexec/ASP,0.0
65783,/System/Library/,0.0
65966,/Applications/Go,0.0
66188,/System/Library/,0.0
66189,/System/Library/,0.0
66377,/System/Library/,0.0
66436,/System/Library/,0.0
25315,/usr/bin/login,0.0
25316,-/bin/zsh,0.1
66439,ps,0.0
66440,sed,0.0
66441,awk,0.0
52021,/usr/bin/login,0.0
52022,-/bin/zsh,0.0
